Index,Variant,country,Notes,Country code,Type,Parent code,1950-1955,1955-1960,1960-1965,1965-1970,1970-1975,1975-1980,1980-1985,1985-1990,1990-1995,1995-2000,2000-2005,2005-2010,2010-2015,2015-2020
1,Estimates,WORLD,,900,World,0,4.97,4.90,5.02,4.93,4.47,3.86,3.59,3.44,3.01,2.78,2.65,2.58,2.52,2.47
3,Estimates,More developed regions,b,901,Development Group,1803,2.82,2.79,2.66,2.38,2.16,1.92,1.84,1.81,1.67,1.57,1.58,1.68,1.67,1.64
4,Estimates,Less developed regions,c,902,Development Group,1803,6.08,5.94,6.13,6.04,5.41,4.58,4.16,3.90,3.34,3.04,2.87,2.75,2.66,2.59
5,Estimates,Least developed countries,d,941,Development Group,902,6.53,6.60,6.70,6.76,6.75,6.67,6.53,6.17,5.75,5.38,5.00,4.65,4.31,4.00
6,Estimates,"Less developed regions, excluding least developed countries",e,934,Development Group,902,6.02,5.85,6.05,5.95,5.23,4.31,3.87,3.63,3.04,2.74,2.57,2.46,2.38,2.33
7,Estimates,"Less developed regions, excluding China",,948,Development Group,1803,6.06,6.14,6.13,5.97,5.67,5.27,4.92,4.46,4.01,3.64,3.36,3.15,2.97,2.84
8,Estimates,Land-locked Developing Countries (LLDC),f,1636,Special other,1803,6.22,6.31,6.41,6.28,6.24,6.13,6.04,5.89,5.55,5.22,4.88,4.63,4.33,3.98
9,Estimates,Small Island Developing States (SIDS),g,1637,Special other,1803,5.55,5.51,5.65,5.11,4.53,3.86,3.63,3.36,3.10,2.93,2.78,2.65,2.55,2.45
11,Estimates,High-income countries,h,1503,Income Group,1802,2.99,3.01,2.94,2.65,2.34,2.06,1.94,1.85,1.82,1.73,1.71,1.76,1.72,1.67
12,Estimates,Middle-income countries,h,1517,Income Group,1802,5.68,5.53,5.70,5.63,5.04,4.24,3.85,3.63,3.04,2.74,2.57,2.47,2.39,2.35
13,Estimates,Upper-middle-income countries,h,1502,Income Group,1517,5.57,5.21,5.54,5.50,4.59,3.41,2.98,2.95,2.22,1.96,1.85,1.83,1.87,1.90
14,Estimates,Lower-middle-income countries,h,1501,Income Group,1517,5.82,5.90,5.90,5.80,5.59,5.23,4.91,4.46,4.01,3.62,3.33,3.09,2.86,2.71
15,Estimates,Low-income countries,h,1500,Income Group,1802,6.42,6.57,6.54,6.66,6.68,6.61,6.60,6.45,6.20,5.93,5.61,5.29,4.91,4.52
16,Estimates,No income group available,,1518,Income Group,1802,6.10,6.04,5.97,5.46,4.36,3.53,3.07,2.96,2.68,2.60,2.62,2.61,2.58,2.49
18,Estimates,Africa,j,903,Region,1840,6.57,6.62,6.70,6.71,6.70,6.64,6.50,6.19,5.72,5.35,5.08,4.90,4.73,4.44
19,Estimates,Asia,k,935,Region,1840,5.83,5.59,5.80,5.75,5.06,4.10,3.69,3.50,2.90,2.61,2.45,2.33,2.21,2.15
20,Estimates,Europe,l,908,Region,1840,2.66,2.66,2.57,2.37,2.17,1.98,1.88,1.81,1.57,1.43,1.43,1.56,1.60,1.61
21,Estimates,Latin America and the Caribbean,m,904,Region,1840,5.83,5.85,5.83,5.46,4.92,4.44,3.94,3.45,3.08,2.77,2.49,2.26,2.14,2.04
22,Estimates,Northern America,n,905,Region,1840,3.34,3.61,3.28,2.55,2.02,1.77,1.79,1.88,2.00,1.95,1.99,2.01,1.85,1.75
23,Estimates,Oceania,o,909,Region,1840,3.89,4.10,3.97,3.59,3.25,2.76,2.63,2.53,2.52,2.48,2.46,2.54,2.44,2.36
27,Estimates,Burundi,,108,Country/Area,910,6.80,6.86,7.05,7.23,7.26,7.40,7.38,7.46,7.30,7.05,6.77,6.39,5.95,5.45
28,Estimates,Comoros,,174,Country/Area,910,6.00,6.60,6.91,7.05,7.05,7.05,7.05,6.70,6.10,5.60,5.20,4.90,4.60,4.24
29,Estimates,Djibouti,,262,Country/Area,910,6.31,6.39,6.55,6.71,6.85,6.64,6.45,6.18,5.85,4.81,4.21,3.55,3.10,2.76
30,Estimates,Eritrea,,232,Country/Area,910,6.97,6.97,6.82,6.70,6.62,6.62,6.70,6.60,6.30,5.60,5.10,4.80,4.35,4.10
31,Estimates,Ethiopia,,231,Country/Area,910,7.17,6.90,6.90,6.87,7.10,7.18,7.42,7.37,7.09,6.83,6.18,5.45,4.85,4.30
32,Estimates,Kenya,,404,Country/Area,910,7.48,7.79,8.07,8.11,7.99,7.64,7.22,6.54,5.65,5.35,5.00,4.65,4.06,3.52
33,Estimates,Madagascar,,450,Country/Area,910,7.30,7.30,7.30,7.30,7.20,6.95,6.50,6.25,6.10,5.80,5.28,4.83,4.40,4.11
34,Estimates,Malawi,,454,Country/Area,910,6.85,6.90,7.00,7.20,7.40,7.60,7.60,7.25,6.50,6.20,6.00,5.73,4.88,4.25
35,Estimates,Mauritius,1,480,Country/Area,910,5.90,5.90,6.20,4.61,3.47,3.11,2.30,2.31,2.25,2.03,1.93,1.70,1.49,1.39
36,Estimates,Mayotte,2,175,Country/Area,910,7.91,7.91,7.91,7.91,7.91,7.91,7.35,6.73,5.25,5.08,4.80,4.60,4.10,3.73
37,Estimates,Mozambique,,508,Country/Area,910,6.34,6.34,6.56,6.71,6.68,6.55,6.40,6.30,6.10,5.85,5.80,5.54,5.23,4.89
38,Estimates,RÃ©union,2,638,Country/Area,910,6.93,6.57,6.56,5.67,3.88,3.12,2.78,2.71,2.41,2.33,2.45,2.40,2.40,2.27
39,Estimates,Rwanda,,646,Country/Area,910,8.00,8.15,8.20,8.20,8.28,8.43,8.38,7.80,6.55,5.90,5.40,4.85,4.25,4.10
40,Estimates,Seychelles,,690,Country/Area,910,5.00,5.00,5.59,5.92,5.38,4.27,3.51,2.94,2.57,2.18,2.20,2.30,2.38,2.46
41,Estimates,Somalia,,706,Country/Area,910,7.25,7.25,7.25,7.25,7.10,7.00,7.07,7.26,7.53,7.70,7.47,7.10,6.61,6.12
42,Estimates,South Sudan,,728,Country/Area,910,6.65,6.70,6.75,6.85,6.90,6.92,6.78,6.83,6.65,6.42,6.00,5.60,5.15,4.74
43,Estimates,Uganda,,800,Country/Area,910,6.90,6.95,7.05,7.12,7.10,7.10,7.10,7.10,7.06,6.95,6.75,6.38,5.78,5.01
44,Estimates,United Republic of Tanzania,3,834,Country/Area,910,6.74,6.80,6.80,6.79,6.75,6.73,6.55,6.36,6.05,5.75,5.66,5.58,5.24,4.92
45,Estimates,Zambia,,894,Country/Area,910,6.70,6.95,7.25,7.30,7.40,7.25,6.90,6.60,6.30,6.10,5.95,5.60,5.20,4.66
46,Estimates,Zimbabwe,,716,Country/Area,910,6.80,7.00,7.30,7.40,7.40,7.30,6.30,5.37,4.42,3.89,3.72,3.89,4.09,3.63
48,Estimates,Angola,,24,Country/Area,911,6.00,6.50,6.90,7.30,7.50,7.46,7.46,7.40,7.10,6.75,6.55,6.35,6.00,5.55
49,Estimates,Cameroon,,120,Country/Area,911,5.49,5.53,5.81,6.09,6.31,6.50,6.70,6.60,6.22,5.75,5.45,5.25,4.95,4.60
50,Estimates,Central African Republic,,140,Country/Area,911,5.52,5.75,5.90,5.95,5.95,5.90,5.90,5.90,5.70,5.55,5.45,5.30,5.10,4.75
51,Estimates,Chad,,148,Country/Area,911,6.10,6.20,6.30,6.40,6.67,6.87,7.04,7.21,7.39,7.41,7.24,6.85,6.31,5.80
52,Estimates,Congo,,178,Country/Area,911,5.68,5.79,5.99,6.19,6.30,6.25,5.80,5.30,5.00,4.90,4.85,4.80,4.70,4.45
53,Estimates,Democratic Republic of the Congo,,180,Country/Area,911,5.98,5.98,6.04,6.15,6.29,6.46,6.60,6.71,6.77,6.77,6.72,6.63,6.40,5.96
54,Estimates,Equatorial Guinea,,226,Country/Area,911,5.67,5.65,5.67,5.79,5.80,5.79,5.89,5.98,5.97,5.94,5.69,5.40,4.99,4.55
55,Estimates,Gabon,,266,Country/Area,911,3.99,4.20,4.59,4.93,5.23,5.57,5.72,5.58,5.25,4.77,4.35,4.20,4.10,4.00
56,Estimates,Sao Tome and Principe,,678,Country/Area,911,6.20,6.20,6.30,6.40,6.52,6.50,6.24,5.96,5.68,5.30,5.08,4.85,4.60,4.35
58,Estimates,Botswana,,72,Country/Area,913,6.50,6.58,6.65,6.70,6.55,6.35,5.95,4.90,4.13,3.49,3.19,3.03,3.01,2.89
59,Estimates,Eswatini,,748,Country/Area,913,6.70,6.70,6.81,6.85,6.87,6.73,6.57,5.49,4.78,4.14,3.76,3.56,3.14,3.03
60,Estimates,Lesotho,,426,Country/Area,913,5.84,5.86,5.81,5.80,5.80,5.69,5.42,4.98,4.46,3.96,3.66,3.37,3.26,3.16
61,Estimates,Namibia,,516,Country/Area,913,6.00,6.10,6.20,6.30,6.60,6.46,6.20,5.55,4.89,4.26,3.60,3.61,3.63,3.42
62,Estimates,South Africa,,710,Country/Area,913,6.05,6.05,6.00,5.80,5.50,5.05,4.90,4.40,3.51,2.88,2.61,2.63,2.55,2.41
64,Estimates,Benin,,204,Country/Area,914,5.86,6.13,6.42,6.65,6.83,7.00,7.01,6.88,6.56,6.16,5.78,5.49,5.22,4.87
65,Estimates,Burkina Faso,,854,Country/Area,914,6.10,6.24,6.35,6.56,6.70,7.02,7.17,7.07,6.93,6.73,6.43,6.08,5.65,5.23
66,Estimates,Cabo Verde,,132,Country/Area,914,6.57,6.76,6.97,6.97,6.86,6.62,6.10,5.63,5.05,3.94,3.23,2.71,2.50,2.29
67,Estimates,C?te d'Ivoire,,384,Country/Area,914,7.45,7.62,7.76,7.90,7.93,7.81,7.31,6.85,6.41,6.05,5.68,5.25,4.95,4.68
68,Estimates,Gambia,,270,Country/Area,914,6.35,6.30,6.20,6.20,6.20,6.40,6.30,6.15,6.05,5.95,5.80,5.65,5.50,5.25
69,Estimates,Ghana,,288,Country/Area,914,6.44,6.64,6.84,6.95,6.90,6.69,6.35,5.88,5.34,5.02,4.64,4.37,4.18,3.89
70,Estimates,Guinea,,324,Country/Area,914,6.00,6.07,6.15,6.21,6.29,6.45,6.59,6.63,6.51,6.24,5.91,5.54,5.13,4.74
71,Estimates,Guinea-Bissau,,624,Country/Area,914,5.90,5.90,5.95,6.00,6.10,6.25,6.70,6.68,6.50,6.05,5.60,5.20,4.90,4.51
72,Estimates,Liberia,,430,Country/Area,914,6.27,6.35,6.47,6.59,6.80,6.93,6.96,6.72,6.27,6.05,5.65,5.20,4.75,4.35
73,Estimates,Mali,,466,Country/Area,914,6.95,6.95,7.00,7.10,7.15,7.15,7.15,7.15,7.15,6.95,6.85,6.70,6.35,5.92
74,Estimates,Mauritania,,478,Country/Area,914,6.34,6.71,6.79,6.79,6.75,6.57,6.30,6.05,5.72,5.52,5.30,5.07,4.88,4.59
75,Estimates,Niger,,562,Country/Area,914,7.30,7.40,7.50,7.55,7.60,7.75,7.90,7.80,7.75,7.70,7.65,7.55,7.35,6.95
76,Estimates,Nigeria,,566,Country/Area,914,6.35,6.35,6.35,6.35,6.61,6.76,6.76,6.60,6.37,6.17,6.05,5.91,5.74,5.42
77,Estimates,Senegal,,686,Country/Area,914,6.80,6.90,7.10,7.25,7.25,7.25,7.25,6.70,6.20,5.70,5.25,5.10,5.00,4.65
78,Estimates,Sierra Leone,,694,Country/Area,914,6.03,6.03,6.25,6.41,6.57,6.65,6.72,6.72,6.69,6.48,6.11,5.57,4.84,4.32
79,Estimates,Togo,,768,Country/Area,914,6.33,6.42,6.65,6.94,7.20,7.28,7.06,6.50,5.90,5.54,5.31,5.04,4.69,4.35
82,Estimates,Algeria,,12,Country/Area,912,7.28,7.38,7.65,7.65,7.57,7.18,6.32,5.30,4.12,2.89,2.38,2.72,2.96,3.05
83,Estimates,Egypt,,818,Country/Area,912,6.75,6.75,6.65,6.45,6.00,5.70,5.49,5.00,4.15,3.60,3.15,3.02,3.45,3.33
84,Estimates,Libya,,434,Country/Area,912,7.14,7.20,7.30,7.99,8.10,7.67,6.68,5.71,4.22,3.20,2.64,2.50,2.45,2.25
85,Estimates,Morocco,,504,Country/Area,912,6.61,6.90,7.10,6.85,6.40,5.90,5.40,4.43,3.70,2.97,2.67,2.53,2.60,2.42
86,Estimates,Sudan,,729,Country/Area,912,6.65,6.65,6.75,6.86,6.90,6.92,6.63,6.30,6.00,5.65,5.30,5.00,4.75,4.43
87,Estimates,Tunisia,,788,Country/Area,912,6.65,6.85,6.99,6.92,6.39,5.65,4.82,4.00,2.98,2.34,2.04,2.02,2.25,2.20
88,Estimates,Western Sahara,,732,Country/Area,912,6.34,6.42,6.53,6.60,6.57,6.23,5.33,4.60,4.00,3.40,2.85,2.55,2.60,2.41
90,Estimates,Armenia,,51,Country/Area,922,4.49,4.90,4.45,3.45,3.04,2.60,2.50,2.60,2.38,1.75,1.65,1.72,1.72,1.76
91,Estimates,Azerbaijan,4,31,Country/Area,922,5.20,5.60,6.00,5.40,4.60,3.80,3.30,3.20,2.90,2.25,1.90,1.83,2.09,2.08
92,Estimates,Bahrain,,48,Country/Area,922,6.97,6.97,7.17,6.97,5.95,5.23,4.63,4.08,3.40,2.95,2.65,2.25,2.12,2.00
93,Estimates,Cyprus,5,196,Country/Area,922,3.71,3.50,3.44,2.80,2.49,2.29,2.45,2.43,2.33,1.89,1.59,1.48,1.38,1.34
94,Estimates,Georgia,6,268,Country/Area,922,2.75,2.91,2.93,2.80,2.60,2.39,2.27,2.26,2.05,1.72,1.58,1.80,2.00,2.06
95,Estimates,Iraq,,368,Country/Area,922,7.30,6.20,6.60,7.40,7.15,6.80,6.35,6.09,5.65,5.19,4.71,4.40,4.25,3.68
96,Estimates,Israel,,376,Country/Area,922,4.28,3.89,3.85,3.78,3.81,3.47,3.13,3.07,2.93,2.93,2.91,2.93,3.04,3.04
97,Estimates,Jordan,,400,Country/Area,922,7.38,7.38,8.00,8.00,7.79,7.38,7.05,6.02,5.06,4.30,4.00,3.80,3.40,2.77
98,Estimates,Kuwait,,414,Country/Area,922,7.20,7.20,7.30,7.40,6.75,5.60,5.00,3.65,2.55,3.00,2.60,2.40,2.10,2.10
99,Estimates,Lebanon,,422,Country/Area,922,5.74,5.72,5.69,5.23,4.67,4.23,3.75,3.50,3.20,2.65,2.20,1.90,2.08,2.09
100,Estimates,Oman,,512,Country/Area,922,7.25,7.25,7.25,7.31,7.41,8.10,8.32,7.85,6.27,4.46,3.20,2.90,2.90,2.93
101,Estimates,Qatar,,634,Country/Area,922,6.97,6.97,6.97,6.97,6.75,6.10,5.45,4.40,3.74,3.46,2.95,2.23,2.00,1.88
102,Estimates,Saudi Arabia,,682,Country/Area,922,7.18,7.18,7.26,7.26,7.30,7.28,7.02,6.22,5.55,4.40,3.65,3.23,2.73,2.34
103,Estimates,State of Palestine,7,275,Country/Area,922,7.38,7.38,8.00,8.00,7.69,7.50,7.05,6.76,6.60,5.81,5.02,4.60,4.25,3.67
104,Estimates,Syrian Arab Republic,,760,Country/Area,922,7.23,7.38,7.54,7.56,7.54,7.32,6.77,5.87,4.80,4.30,3.90,3.70,3.10,2.84
105,Estimates,Turkey,,792,Country/Area,922,6.69,6.50,6.20,5.80,5.39,4.69,4.11,3.39,2.90,2.65,2.37,2.20,2.12,2.08
106,Estimates,United Arab Emirates,,784,Country/Area,922,6.97,6.97,6.87,6.77,6.45,5.75,5.30,4.90,3.93,2.97,2.40,1.97,1.70,1.42
107,Estimates,Yemen,,887,Country/Area,922,7.80,7.90,8.00,8.25,8.50,8.60,8.80,8.80,8.20,6.80,5.90,5.00,4.40,3.84
110,Estimates,Kazakhstan,,398,Country/Area,5500,4.41,4.56,4.43,3.67,3.61,3.23,3.04,3.03,2.55,2.00,2.01,2.54,2.67,2.76
111,Estimates,Kyrgyzstan,,417,Country/Area,5500,4.36,5.20,5.55,5.21,5.12,4.59,4.20,4.06,3.64,2.96,2.50,2.78,3.30,3.00
112,Estimates,Tajikistan,,762,Country/Area,5500,5.40,6.20,6.80,7.00,6.83,5.90,5.60,5.50,4.88,4.29,3.72,3.61,3.61,3.61
113,Estimates,Turkmenistan,,795,Country/Area,5500,5.30,6.20,6.80,6.56,6.19,5.60,4.79,4.55,4.03,3.03,2.76,2.65,3.00,2.79
114,Estimates,Uzbekistan,,860,Country/Area,5500,5.30,5.90,6.50,6.40,6.16,5.46,4.80,4.40,3.95,3.10,2.51,2.49,2.43,2.43
116,Estimates,Afghanistan,,4,Country/Area,5501,7.45,7.45,7.45,7.45,7.45,7.45,7.45,7.47,7.48,7.65,7.18,6.48,5.45,4.56
117,Estimates,Bangladesh,,50,Country/Area,5501,6.36,6.62,6.80,6.92,6.91,6.63,5.98,4.98,4.06,3.43,2.94,2.48,2.21,2.05
118,Estimates,Bhutan,,64,Country/Area,5501,6.67,6.67,6.60,6.60,6.60,6.60,6.35,5.90,5.00,4.00,3.10,2.55,2.12,2.00
119,Estimates,India,,356,Country/Area,5501,5.90,5.90,5.89,5.72,5.41,4.97,4.68,4.27,3.83,3.48,3.14,2.80,2.40,2.24
120,Estimates,Iran (Islamic Republic of),,364,Country/Area,5501,6.91,6.91,6.91,6.68,6.24,6.28,6.53,5.62,3.70,2.40,1.92,1.82,1.91,2.15
121,Estimates,Maldives,,462,Country/Area,5501,6.03,6.81,7.12,7.22,7.17,6.85,7.26,6.66,5.16,3.39,2.40,2.29,2.11,1.88
122,Estimates,Nepal,,524,Country/Area,5501,5.96,5.96,5.96,5.96,5.87,5.80,5.62,5.33,4.97,4.41,3.49,2.81,2.32,1.93
123,Estimates,Pakistan,,586,Country/Area,5501,6.60,6.60,6.60,6.60,6.60,6.60,6.44,6.30,5.96,5.37,4.71,4.17,3.78,3.55
124,Estimates,Sri Lanka,,144,Country/Area,5501,5.80,5.80,5.20,4.70,4.00,3.61,3.19,2.64,2.38,2.24,2.26,2.28,2.21,2.21
127,Estimates,China,8,156,Country/Area,906,6.11,5.48,6.15,6.30,4.85,3.01,2.52,2.73,1.83,1.62,1.61,1.62,1.64,1.69
128,Estimates,"China, Hong Kong SAR",9,344,Country/Area,906,4.44,4.72,5.05,3.65,3.01,2.23,1.72,1.36,1.26,1.06,0.95,1.04,1.20,1.33
129,Estimates,"China, Macao SAR",10,446,Country/Area,906,4.39,4.81,4.41,2.74,1.79,1.41,2.06,2.00,1.41,1.12,0.85,0.98,1.19,1.20
130,Estimates,"China, Taiwan Province of China",11,158,Country/Area,906,6.72,6.14,5.41,4.38,3.33,2.74,2.23,1.77,1.76,1.67,1.33,1.05,1.11,1.15
131,Estimates,Dem. People's Republic of Korea,,408,Country/Area,906,3.46,5.12,3.85,4.39,4.00,2.85,2.80,2.36,2.25,2.01,2.00,1.95,1.93,1.91
132,Estimates,Japan,,392,Country/Area,906,2.96,2.17,2.03,2.04,2.13,1.83,1.76,1.65,1.48,1.37,1.30,1.34,1.41,1.37
133,Estimates,Mongolia,,496,Country/Area,906,5.60,6.30,7.50,7.50,7.50,6.65,5.75,4.84,3.27,2.40,2.08,2.40,2.84,2.90
134,Estimates,Republic of Korea,,410,Country/Area,906,5.65,6.33,5.60,4.65,4.00,2.92,2.23,1.57,1.68,1.50,1.21,1.17,1.23,1.11
136,Estimates,Brunei Darussalam,,96,Country/Area,920,6.90,6.89,6.66,5.90,5.49,4.45,3.79,3.47,3.08,2.51,2.22,1.88,2.02,1.85
137,Estimates,Cambodia,,116,Country/Area,920,6.95,6.95,6.95,6.70,6.16,5.42,6.37,5.99,5.13,4.25,3.44,3.08,2.70,2.52
138,Estimates,Indonesia,,360,Country/Area,920,5.49,5.67,5.62,5.57,5.30,4.73,4.11,3.40,2.90,2.55,2.53,2.50,2.45,2.32
139,Estimates,Lao People's Democratic Republic,,418,Country/Area,920,5.94,5.96,5.97,5.98,5.99,6.15,6.36,6.27,5.88,4.81,3.90,3.40,2.93,2.70
140,Estimates,Malaysia,12,458,Country/Area,920,6.35,6.38,6.37,5.38,4.72,4.20,3.97,3.67,3.44,3.13,2.45,2.22,2.11,2.01
141,Estimates,Myanmar,,104,Country/Area,920,6.00,6.00,6.10,6.10,5.74,5.15,4.60,3.78,3.20,2.95,2.80,2.50,2.25,2.17
142,Estimates,Philippines,,608,Country/Area,920,7.42,7.27,6.98,6.54,5.98,5.46,4.92,4.53,4.14,3.90,3.70,3.30,3.05,2.58
143,Estimates,Singapore,,702,Country/Area,920,6.61,6.34,5.12,3.65,2.82,1.84,1.69,1.70,1.73,1.57,1.35,1.26,1.23,1.21
144,Estimates,Thailand,,764,Country/Area,920,6.14,6.14,6.13,5.99,5.05,3.92,2.95,2.30,1.99,1.77,1.60,1.56,1.53,1.53
145,Estimates,Timor-Leste,,626,Country/Area,920,6.55,6.40,6.20,5.80,5.50,5.00,5.50,5.40,5.60,5.80,6.25,5.30,4.40,4.10
146,Estimates,Viet Nam,,704,Country/Area,920,5.40,6.16,6.42,6.46,6.33,5.50,4.60,3.85,3.23,2.25,1.92,1.93,1.96,2.06
149,Estimates,Antigua and Barbuda,,28,Country/Area,915,4.50,4.50,4.30,4.00,3.26,2.24,2.14,2.07,2.09,2.20,2.16,2.00,2.00,2.00
150,Estimates,Aruba,13,533,Country/Area,915,5.65,5.15,4.40,3.30,2.65,2.45,2.36,2.30,2.17,1.95,1.82,1.76,1.80,1.90
151,Estimates,Bahamas,,44,Country/Area,915,4.05,4.31,4.50,3.58,3.54,2.95,3.05,2.65,2.64,2.33,1.87,1.91,1.81,1.76
152,Estimates,Barbados,,52,Country/Area,915,4.42,4.30,4.27,3.53,2.72,2.16,1.92,1.77,1.73,1.74,1.80,1.75,1.63,1.62
153,Estimates,Cuba,,192,Country/Area,915,4.15,3.70,4.68,4.18,3.55,2.15,1.85,1.85,1.58,1.61,1.59,1.58,1.71,1.62
154,Estimates,Cura?ao,13,531,Country/Area,915,5.07,5.10,4.40,3.80,2.87,2.45,2.25,2.30,2.28,2.13,2.26,2.18,2.12,1.76
155,Estimates,Dominican Republic,,214,Country/Area,915,7.60,7.64,7.35,6.65,5.68,4.76,4.07,3.58,3.27,2.95,2.75,2.57,2.45,2.36
156,Estimates,Grenada,,308,Country/Area,915,5.80,6.70,6.40,4.80,4.60,4.30,4.23,4.14,3.46,2.81,2.43,2.30,2.18,2.07
157,Estimates,Guadeloupe,2,312,Country/Area,915,5.61,5.61,5.61,5.22,4.49,3.52,2.55,2.45,2.10,2.10,2.19,2.25,2.19,2.17
158,Estimates,Haiti,,332,Country/Area,915,6.30,6.30,6.30,6.00,5.60,5.80,6.21,5.70,5.15,4.62,4.08,3.62,3.26,2.96
159,Estimates,Jamaica,,388,Country/Area,915,4.22,5.08,5.64,5.78,5.00,4.00,3.55,3.10,2.84,2.70,2.45,2.28,2.08,1.99
160,Estimates,Martinique,2,474,Country/Area,915,5.71,5.71,5.45,5.00,4.08,2.65,2.14,2.14,1.96,1.90,1.93,2.04,1.98,1.88
161,Estimates,Puerto Rico,14,630,Country/Area,915,4.97,4.82,4.37,3.41,2.99,2.76,2.46,2.26,2.18,1.99,1.85,1.72,1.50,1.22
162,Estimates,Saint Lucia,,662,Country/Area,915,6.00,6.94,6.79,6.48,5.69,5.20,4.20,3.65,3.15,2.60,1.85,1.60,1.51,1.44
163,Estimates,Saint Vincent and the Grenadines,,670,Country/Area,915,7.33,7.33,7.02,6.41,5.54,4.42,3.64,3.10,2.85,2.55,2.24,2.13,2.01,1.90
164,Estimates,Trinidad and Tobago,,780,Country/Area,915,5.30,5.30,5.04,3.81,3.45,3.24,3.28,2.75,2.18,1.82,1.75,1.80,1.80,1.73
165,Estimates,United States Virgin Islands,14,850,Country/Area,915,5.25,5.49,5.67,5.52,4.66,3.49,2.97,3.02,2.79,2.19,2.14,2.42,2.29,2.05
167,Estimates,Belize,,84,Country/Area,916,6.65,6.55,6.45,6.35,6.25,6.20,5.40,4.70,4.35,3.85,3.35,2.84,2.58,2.32
168,Estimates,Costa Rica,,188,Country/Area,916,6.12,6.65,6.50,5.26,4.06,3.70,3.50,3.41,3.07,2.61,2.15,1.94,1.85,1.76
169,Estimates,El Salvador,,222,Country/Area,916,6.36,6.60,6.67,6.36,5.95,5.44,4.75,4.17,3.78,3.34,2.72,2.40,2.17,2.05
170,Estimates,Guatemala,,320,Country/Area,916,7.12,6.99,6.80,6.70,6.58,6.46,6.16,5.58,5.31,4.83,4.33,3.62,3.19,2.90
171,Estimates,Honduras,,340,Country/Area,916,7.50,7.50,7.42,7.42,7.05,6.60,6.00,5.37,4.92,4.56,3.87,3.24,2.73,2.49
172,Estimates,Mexico,,484,Country/Area,916,6.75,6.78,6.75,6.75,6.32,5.33,4.37,3.75,3.23,2.85,2.61,2.40,2.29,2.14
173,Estimates,Nicaragua,,558,Country/Area,916,7.20,7.45,7.20,6.95,6.75,6.35,5.85,5.00,4.20,3.40,2.91,2.68,2.54,2.42
174,Estimates,Panama,,591,Country/Area,916,5.76,5.87,5.79,5.41,4.88,4.19,3.63,3.24,2.92,2.81,2.68,2.63,2.60,2.47
176,Estimates,Argentina,,32,Country/Area,931,3.15,3.13,3.09,3.05,3.15,3.40,3.15,3.05,2.91,2.63,2.48,2.37,2.33,2.27
177,Estimates,Bolivia (Plurinational State of),,68,Country/Area,931,6.50,6.40,6.30,6.10,5.90,5.65,5.30,5.07,4.68,4.25,3.85,3.40,3.05,2.75
178,Estimates,Brazil,,76,Country/Area,931,6.10,6.06,5.97,5.34,4.63,4.24,3.80,3.14,2.72,2.47,2.13,1.86,1.77,1.74
179,Estimates,Chile,,152,Country/Area,931,4.85,4.75,4.58,4.08,3.47,2.94,2.63,2.60,2.52,2.20,1.95,1.90,1.85,1.65
180,Estimates,Colombia,,170,Country/Area,931,6.51,6.68,6.64,5.86,4.72,4.16,3.58,3.17,3.01,2.70,2.44,2.10,1.92,1.82
181,Estimates,Ecuador,,218,Country/Area,931,6.75,6.75,6.65,6.40,5.80,5.05,4.45,3.97,3.55,3.27,2.94,2.69,2.56,2.44
182,Estimates,French Guiana,2,254,Country/Area,931,5.00,4.92,5.02,5.00,4.18,3.30,3.58,3.73,4.05,3.93,3.65,3.60,3.42,3.36
183,Estimates,Guyana,,328,Country/Area,931,6.04,6.45,6.15,5.70,4.99,4.06,3.64,3.13,3.08,3.05,2.95,2.73,2.60,2.47
184,Estimates,Paraguay,,600,Country/Area,931,6.50,6.50,6.45,6.15,5.35,5.20,5.12,4.77,4.31,3.88,3.24,2.89,2.60,2.45
185,Estimates,Peru,,604,Country/Area,931,6.95,6.95,6.88,6.55,6.03,5.37,4.73,4.20,3.62,3.05,2.72,2.68,2.40,2.27
186,Estimates,Suriname,,740,Country/Area,931,6.56,6.56,6.56,5.95,5.29,4.20,3.70,3.36,3.19,2.96,2.83,2.67,2.56,2.43
187,Estimates,Uruguay,,858,Country/Area,931,2.73,2.83,2.90,2.80,3.00,2.89,2.57,2.53,2.49,2.30,2.18,2.03,2.01,1.98
188,Estimates,Venezuela (Bolivarian Republic of),,862,Country/Area,931,6.46,6.46,6.18,5.70,4.94,4.47,3.96,3.65,3.25,2.94,2.72,2.55,2.40,2.28
190,Estimates,Australia,15,36,Country/Area,927,3.18,3.41,3.27,2.87,2.54,1.99,1.91,1.86,1.86,1.79,1.77,1.95,1.89,1.83
191,Estimates,New Zealand,16,554,Country/Area,927,3.69,4.07,3.85,3.35,2.84,2.18,1.97,2.03,2.07,1.95,1.95,2.14,2.04,1.90
194,Estimates,Fiji,,242,Country/Area,928,6.63,6.79,5.95,5.00,4.20,4.00,3.80,3.47,3.35,3.19,2.98,2.75,2.79,2.79
195,Estimates,New Caledonia,2,540,Country/Area,928,5.22,5.22,5.22,5.21,5.20,3.91,3.34,3.12,2.92,2.59,2.32,2.28,2.18,1.97
196,Estimates,Papua New Guinea,,598,Country/Area,928,6.24,6.26,6.28,6.21,6.09,5.87,5.47,4.97,4.70,4.64,4.39,4.13,3.84,3.59
197,Estimates,Solomon Islands,,90,Country/Area,928,6.40,6.40,6.40,6.54,7.24,7.04,6.43,6.13,5.53,4.91,4.60,4.40,4.44,4.44
198,Estimates,Vanuatu,,548,Country/Area,928,7.60,7.35,7.00,6.46,6.11,5.75,5.40,5.04,4.83,4.59,4.40,4.20,4.00,3.80
200,Estimates,Guam,14,316,Country/Area,954,5.53,5.83,6.03,4.72,4.12,3.52,3.08,3.14,2.88,2.88,2.74,2.54,2.45,2.32
201,Estimates,Kiribati,,296,Country/Area,954,6.10,6.60,6.78,6.04,5.00,5.10,5.00,4.80,4.55,4.20,3.96,3.88,3.79,3.58
202,Estimates,Micronesia (Fed. States of),,583,Country/Area,954,7.20,7.00,6.90,6.90,6.90,6.40,6.00,5.20,4.79,4.53,4.05,3.62,3.33,3.08
204,Estimates,French Polynesia,2,258,Country/Area,957,6.00,5.86,5.44,5.20,4.86,4.23,3.82,3.64,3.11,2.61,2.36,2.17,2.04,1.95
205,Estimates,Samoa,,882,Country/Area,957,7.63,7.63,7.63,7.35,7.00,6.49,5.91,5.35,4.92,4.62,4.44,4.47,4.16,3.90
206,Estimates,Tonga,,776,Country/Area,957,7.30,7.30,7.30,6.50,5.50,5.50,5.50,4.74,4.62,4.29,4.23,4.03,3.79,3.58
210,Estimates,Belarus,,112,Country/Area,923,2.61,2.73,2.59,2.28,2.25,2.09,2.09,2.08,1.68,1.31,1.26,1.44,1.65,1.71
211,Estimates,Bulgaria,,100,Country/Area,923,2.53,2.30,2.22,2.13,2.16,2.19,2.01,1.95,1.55,1.20,1.25,1.52,1.52,1.56
212,Estimates,Czechia,,203,Country/Area,923,2.74,2.38,2.21,1.96,2.21,2.36,1.97,1.90,1.65,1.17,1.19,1.43,1.48,1.64
213,Estimates,Hungary,,348,Country/Area,923,2.69,2.32,1.81,1.98,2.04,2.25,1.81,1.82,1.74,1.38,1.30,1.33,1.33,1.49
214,Estimates,Poland,,616,Country/Area,923,3.63,3.47,2.72,2.33,2.23,2.23,2.31,2.16,1.95,1.51,1.26,1.37,1.33,1.42
215,Estimates,Republic of Moldova,18,498,Country/Area,923,3.50,3.44,3.15,2.66,2.56,2.44,2.55,2.64,2.11,1.70,1.24,1.27,1.28,1.26
216,Estimates,Romania,,642,Country/Area,923,3.06,2.74,2.10,2.87,2.65,2.55,2.22,2.27,1.51,1.32,1.29,1.51,1.51,1.62
217,Estimates,Russian Federation,,643,Country/Area,923,2.85,2.82,2.55,2.02,2.03,1.94,2.04,2.12,1.55,1.25,1.30,1.46,1.70,1.82
218,Estimates,Slovakia,,703,Country/Area,923,3.50,3.24,2.91,2.54,2.51,2.46,2.27,2.15,1.87,1.40,1.22,1.32,1.38,1.50
219,Estimates,Ukraine,19,804,Country/Area,923,2.81,2.70,2.13,2.02,2.08,1.98,2.00,1.95,1.62,1.24,1.15,1.38,1.49,1.44
221,Estimates,Channel Islands,20,830,Country/Area,924,2.06,2.22,2.56,2.36,1.86,1.52,1.44,1.45,1.52,1.58,1.47,1.56,1.58,1.50
222,Estimates,Denmark,21,208,Country/Area,924,2.55,2.55,2.58,2.27,1.96,1.68,1.43,1.54,1.75,1.76,1.76,1.85,1.73,1.76
223,Estimates,Estonia,,233,Country/Area,924,2.06,1.99,1.94,2.02,2.15,2.06,2.09,2.20,1.63,1.33,1.39,1.66,1.59,1.59
224,Estimates,Finland,22,246,Country/Area,924,3.00,2.77,2.66,2.19,1.62,1.66,1.69,1.66,1.82,1.74,1.75,1.84,1.77,1.53
225,Estimates,Iceland,,352,Country/Area,924,3.86,4.17,3.94,3.24,2.87,2.45,2.23,2.12,2.19,2.06,1.99,2.13,1.98,1.77
226,Estimates,Ireland,,372,Country/Area,924,3.42,3.58,4.01,3.86,3.73,3.25,2.83,2.26,1.96,1.90,1.93,2.00,1.97,1.84
227,Estimates,Latvia,,428,Country/Area,924,2.00,1.95,1.88,1.84,2.00,1.89,2.03,2.16,1.63,1.17,1.29,1.49,1.50,1.72
228,Estimates,Lithuania,,440,Country/Area,924,2.84,2.66,2.43,2.30,2.30,2.10,2.04,2.06,1.82,1.47,1.28,1.42,1.59,1.67
229,Estimates,Norway,23,578,Country/Area,924,2.60,2.84,2.90,2.80,2.35,1.81,1.69,1.80,1.89,1.86,1.81,1.92,1.82,1.68
230,Estimates,Sweden,,752,Country/Area,924,2.24,2.25,2.31,2.17,1.91,1.66,1.64,1.91,2.01,1.56,1.67,1.89,1.90,1.85
231,Estimates,United Kingdom,24,826,Country/Area,924,2.18,2.49,2.81,2.57,2.01,1.73,1.78,1.84,1.78,1.74,1.66,1.86,1.87,1.75
233,Estimates,Albania,,8,Country/Area,925,6.23,6.55,6.23,5.26,4.60,3.90,3.41,3.15,2.79,2.38,1.95,1.64,1.71,1.62
234,Estimates,Bosnia and Herzegovina,,70,Country/Area,925,4.82,3.97,3.68,3.14,2.73,2.27,2.02,1.86,1.70,1.68,1.32,1.31,1.31,1.27
235,Estimates,Croatia,,191,Country/Area,925,2.73,2.38,2.22,2.00,1.98,1.90,1.87,1.72,1.52,1.62,1.41,1.52,1.49,1.45
236,Estimates,Greece,,300,Country/Area,925,2.48,2.42,2.29,2.55,2.53,2.42,2.06,1.53,1.38,1.31,1.29,1.42,1.34,1.30
237,Estimates,Italy,,380,Country/Area,925,2.36,2.29,2.50,2.50,2.32,1.89,1.52,1.35,1.27,1.22,1.31,1.44,1.42,1.33
238,Estimates,Malta,,470,Country/Area,925,4.15,3.80,3.15,2.12,2.01,2.12,1.97,2.03,2.01,1.85,1.47,1.39,1.40,1.45
239,Estimates,Montenegro,,499,Country/Area,925,4.35,3.80,3.42,2.89,2.62,2.31,2.21,2.11,2.05,1.91,1.85,1.82,1.71,1.75
240,Estimates,North Macedonia,,807,Country/Area,925,5.06,4.14,3.65,3.44,2.86,2.54,2.45,2.27,2.12,1.83,1.64,1.46,1.50,1.50
241,Estimates,Portugal,,620,Country/Area,925,3.10,3.12,3.19,3.12,2.83,2.55,2.01,1.62,1.48,1.46,1.45,1.37,1.28,1.29
242,Estimates,Serbia,25,688,Country/Area,925,3.22,2.57,2.51,2.43,2.36,2.37,2.32,2.23,1.96,1.83,1.71,1.58,1.46,1.46
243,Estimates,Slovenia,,705,Country/Area,925,2.68,2.38,2.34,2.27,2.20,2.16,1.93,1.65,1.33,1.25,1.21,1.44,1.58,1.60
244,Estimates,Spain,26,724,Country/Area,925,2.53,2.70,2.81,2.84,2.85,2.55,1.88,1.46,1.28,1.19,1.28,1.45,1.33,1.33
246,Estimates,Austria,,40,Country/Area,926,2.10,2.57,2.78,2.57,2.04,1.65,1.60,1.45,1.48,1.39,1.38,1.40,1.45,1.53
247,Estimates,Belgium,,56,Country/Area,926,2.37,2.50,2.65,2.39,2.01,1.70,1.60,1.56,1.61,1.60,1.68,1.82,1.78,1.71
248,Estimates,France,27,250,Country/Area,926,2.76,2.70,2.85,2.65,2.31,1.86,1.86,1.80,1.71,1.76,1.88,1.98,1.98,1.85
249,Estimates,Germany,,276,Country/Area,926,2.13,2.27,2.47,2.36,1.71,1.51,1.46,1.43,1.30,1.35,1.35,1.36,1.43,1.59
250,Estimates,Luxembourg,,442,Country/Area,926,1.98,2.23,2.40,2.19,1.72,1.49,1.47,1.47,1.66,1.72,1.65,1.62,1.55,1.45
251,Estimates,Netherlands,28,528,Country/Area,926,3.05,3.10,3.17,2.79,2.10,1.60,1.51,1.55,1.59,1.60,1.74,1.75,1.73,1.66
252,Estimates,Switzerland,,756,Country/Area,926,2.31,2.39,2.60,2.36,1.87,1.54,1.54,1.55,1.54,1.48,1.41,1.47,1.53,1.54
254,Estimates,Canada,,124,Country/Area,918,3.65,3.88,3.68,2.61,1.98,1.73,1.63,1.62,1.69,1.56,1.52,1.64,1.60,1.53
255,Estimates,United States of America,29,840,Country/Area,918,3.31,3.58,3.23,2.54,2.03,1.77,1.80,1.91,2.03,2.00,2.04,2.06,1.88,1.78
